company,metric,year,value
Marico,COGS,FY19,4017.0
Marico,COGS,FY20,3745.0
Marico,COGS,FY21,4270.0
Marico,COGS,FY22,5436.0
Marico,COGS,FY23,5351.0
Marico,COGS,FY24,4748.0
Marico,COGS,FY25,5388.0
Marico,GP,FY19,3317.0
Marico,GP,FY20,3570.0
Marico,GP,FY21,3778.0
Marico,GP,FY22,4076.0
Marico,GP,FY23,4413.0
Marico,GP,FY24,4905.0
Marico,GP,FY25,5443.0
Marico,EBITDA,FY19,1280.0
Marico,EBITDA,FY20,1469.0
Marico,EBITDA,FY21,1589.0
Marico,EBITDA,FY22,1681.0
Marico,EBITDA,FY23,1810.0
Marico,EBITDA,FY24,2026.0
Marico,EBITDA,FY25,2139.0
Marico,EBIT,FY19,1184.0
Marico,EBIT,FY20,1329.0
Marico,EBIT,FY21,1450.0
Marico,EBIT,FY22,1542.0
Marico,EBIT,FY23,1655.0
Marico,EBIT,FY24,1868.0
Marico,EBIT,FY25,1961.0
Marico,CE,FY19,3056.0
Marico,CE,FY20,3217.0
Marico,CE,FY21,3497.0
Marico,CE,FY22,3633.0
Marico,CE,FY23,4517.0
Marico,CE,FY24,4977.0
Marico,CE,FY25,5877.0
Marico,GM,FY19,0.45227706572129805
Marico,GM,FY20,0.4880382775119617
Marico,GM,FY21,0.46943339960238567
Marico,GM,FY22,0.42851135407905805
Marico,GM,FY23,0.4519664072101598
Marico,GM,FY24,0.5081321868849062
Marico,GM,FY25,0.5025390084018097
Marico,EM,FY19,0.1745295882192528
Marico,EM,FY20,0.20082023239917976
Marico,EM,FY21,0.1974403578528827
Marico,EM,FY22,0.17672413793103448
Marico,EM,FY23,0.1853748463744367
Marico,EM,FY24,0.2098829379467523
Marico,EM,FY25,0.19748868987166468
Marico,NM,FY19,0.1524406872102536
Marico,NM,FY20,0.1395762132604238
Marico,NM,FY21,0.1456262425447316
Marico,NM,FY22,0.12878469301934398
Marico,NM,FY23,0.13334698893895944
Marico,NM,FY24,0.15342380607065162
Marico,NM,FY25,0.15040162496537715
Marico,DIO,FY20,136.01001335113486
Marico,DIO,FY21,107.10655737704919
Marico,DIO,FY22,85.20695364238411
Marico,DIO,FY23,89.9369276770697
Marico,DIO,FY24,98.43776326874475
Marico,DIO,FY25,87.08379732739421
Marico,DSO,FY20,26.345864661654137
Marico,DSO,FY21,21.021061133200796
Marico,DSO,FY22,19.953742640874683
Marico,DSO,FY23,31.158080704629253
Marico,DSO,FY24,39.400186470527295
Marico,DSO,FY25,39.42849229064722
Marico,DPO,FY20,93.66221628838453
Marico,DPO,FY21,90.26697892271663
Marico,DPO,FY22,83.19260485651215
Marico,DPO,FY23,95.35974584189871
Marico,DPO,FY24,116.58013900589721
Marico,DPO,FY25,99.71789161098738
Marico,CCC,FY20,68.69366172440446
Marico,CCC,FY21,37.860639587533356
Marico,CCC,FY22,21.96809142674664
Marico,CCC,FY23,25.735262539800246
Marico,CCC,FY24,21.257810733374825
Marico,CCC,FY25,26.794398007054042
Marico,ROCE,FY20,0.42372070779531323
Marico,ROCE,FY21,0.43193327375633006
Marico,ROCE,FY22,0.43253856942496494
Marico,ROCE,FY23,0.40613496932515336
Marico,ROCE,FY24,0.3935116915946914
Marico,ROCE,FY25,0.361341440943431
Marico,ROA,FY20,0.2095648604269294
Marico,ROA,FY21,0.22298325722983256
Marico,ROA,FY22,0.21689093484419264
Marico,ROA,FY23,0.20452403393025448
Marico,ROA,FY24,0.20616691028050393
Marico,ROA,FY25,0.2067390062821245
Marico,RG,FY20,-0.0025906735751295338
Marico,RG,FY21,0.10020505809979494
Marico,RG,FY22,0.18190854870775347
Marico,RG,FY23,0.026492851135407905
Marico,RG,FY24,-0.011368291683736174
Marico,RG,FY25,0.12203460064228737
Marico,raw_rev,FY19,7334.0
Marico,raw_rev,FY20,7315.0
Marico,raw_rev,FY21,8048.0
Marico,raw_rev,FY22,9512.0
Marico,raw_rev,FY23,9764.0
Marico,raw_rev,FY24,9653.0
Marico,raw_rev,FY25,10831.0
Marico,raw_oi,FY19,103.0
Marico,raw_oi,FY20,124.0
Marico,raw_oi,FY21,94.0
Marico,raw_oi,FY22,98.0
Marico,raw_oi,FY23,144.0
Marico,raw_oi,FY24,142.0
Marico,raw_oi,FY25,208.0
Marico,raw_com,FY19,3995.0
Marico,raw_com,FY20,3428.0
Marico,raw_com,FY21,3884.0
Marico,raw_com,FY22,5061.0
Marico,raw_com,FY23,4649.0
Marico,raw_com,FY24,3941.0
Marico,raw_com,FY25,4572.0
Marico,raw_psit,FY19,145.0
Marico,raw_psit,FY20,177.0
Marico,raw_psit,FY21,339.0
Marico,raw_psit,FY22,491.0
Marico,raw_psit,FY23,541.0
Marico,raw_psit,FY24,752.0
Marico,raw_psit,FY25,960.0
Marico,raw_chg,FY19,-123.0
Marico,raw_chg,FY20,140.0
Marico,raw_chg,FY21,47.0
Marico,raw_chg,FY22,-116.0
Marico,raw_chg,FY23,161.0
Marico,raw_chg,FY24,55.0
Marico,raw_chg,FY25,-144.0
Marico,raw_fc,FY19,24.0
Marico,raw_fc,FY20,50.0
Marico,raw_fc,FY21,34.0
Marico,raw_fc,FY22,39.0
Marico,raw_fc,FY23,56.0
Marico,raw_fc,FY24,73.0
Marico,raw_fc,FY25,53.0
Marico,raw_da,FY19,96.0
Marico,raw_da,FY20,140.0
Marico,raw_da,FY21,139.0
Marico,raw_da,FY22,139.0
Marico,raw_da,FY23,155.0
Marico,raw_da,FY24,158.0
Marico,raw_da,FY25,178.0
Marico,raw_pbeit,FY19,1263.0
Marico,raw_pbeit,FY20,1403.0
Marico,raw_pbeit,FY21,1510.0
Marico,raw_pbeit,FY22,1601.0
Marico,raw_pbeit,FY23,1743.0
Marico,raw_pbeit,FY24,1937.0
Marico,raw_pbeit,FY25,2116.0
Marico,raw_np,FY19,1118.0
Marico,raw_np,FY20,1021.0
Marico,raw_np,FY21,1172.0
Marico,raw_np,FY22,1225.0
Marico,raw_np,FY23,1302.0
Marico,raw_np,FY24,1481.0
Marico,raw_np,FY25,1629.0
Marico,raw_inv,FY19,1411.0
Marico,raw_inv,FY20,1380.0
Marico,raw_inv,FY21,1126.0
Marico,raw_inv,FY22,1412.0
Marico,raw_inv,FY23,1225.0
Marico,raw_inv,FY24,1336.0
Marico,raw_inv,FY25,1235.0
Marico,raw_tr,FY19,517.0
Marico,raw_tr,FY20,539.0
Marico,raw_tr,FY21,388.0
Marico,raw_tr,FY22,652.0
Marico,raw_tr,FY23,1015.0
Marico,raw_tr,FY24,1069.0
Marico,raw_tr,FY25,1271.0
Marico,raw_tp,FY19,944.0
Marico,raw_tp,FY20,978.0
Marico,raw_tp,FY21,1134.0
Marico,raw_tp,FY22,1344.0
Marico,raw_tp,FY23,1452.0
Marico,raw_tp,FY24,1581.0
Marico,raw_tp,FY25,1363.0
Marico,raw_ta,FY19,4742.0
Marico,raw_ta,FY20,5002.0
Marico,raw_ta,FY21,5510.0
Marico,raw_ta,FY22,5786.0
Marico,raw_ta,FY23,6946.0
Marico,raw_ta,FY24,7421.0
Marico,raw_ta,FY25,8338.0
Marico,raw_tcl,FY19,1686.0
Marico,raw_tcl,FY20,1785.0
Marico,raw_tcl,FY21,2013.0
Marico,raw_tcl,FY22,2153.0
Marico,raw_tcl,FY23,2429.0
Marico,raw_tcl,FY24,2444.0
Marico,raw_tcl,FY25,2461.0
Dabur,COGS,FY19,4290.97
Dabur,COGS,FY20,4341.29
Dabur,COGS,FY21,4773.91
Dabur,COGS,FY22,5639.69
Dabur,COGS,FY23,6268.67
Dabur,COGS,FY24,6446.959999999999
Dabur,COGS,FY25,6534.86
Dabur,GP,FY19,4242.079999999999
Dabur,GP,FY20,4362.3
Dabur,GP,FY21,4787.74
Dabur,GP,FY22,5248.990000000001
Dabur,GP,FY23,5261.219999999999
Dabur,GP,FY24,5957.050000000001
Dabur,GP,FY25,6028.2300000000005
Dabur,EBITDA,FY19,1740.52
Dabur,EBITDA,FY20,1792.3400000000001
Dabur,EBITDA,FY21,2001.67
Dabur,EBITDA,FY22,2252.0099999999998
Dabur,EBITDA,FY23,2162.49
Dabur,EBITDA,FY24,2399.72
Dabur,EBITDA,FY25,2316.89
Dabur,EBIT,FY19,1563.62
Dabur,EBIT,FY20,1571.89
Dabur,EBIT,FY21,1761.54
Dabur,EBIT,FY22,1999.12
Dabur,EBIT,FY23,1851.5299999999997
Dabur,EBIT,FY24,2000.5099999999998
Dabur,EBIT,FY25,1871.29
Dabur,CE,FY19,5776.33
Dabur,CE,FY20,6890.13
Dabur,CE,FY21,7912.939999999999
Dabur,CE,FY22,8961.990000000002
Dabur,CE,FY23,10044.94
Dabur,CE,FY24,11192.25
Dabur,CE,FY25,11913.84
Dabur,GM,FY19,0.49713525644406154
Dabur,GM,FY20,0.5012069732145011
Dabur,GM,FY21,0.5007232015394832
Dabur,GM,FY22,0.4820593497099741
Dabur,GM,FY23,0.4563113785127178
Dabur,GM,FY24,0.4802519507804332
Dabur,GM,FY25,0.47983656886960135
Dabur,EM,FY19,0.20397396007289306
Dabur,EM,FY20,0.20593111578095935
Dabur,EM,FY21,0.20934357563809594
Dabur,EM,FY22,0.20682121248856608
Dabur,EM,FY23,0.18755512845309016
Dabur,EM,FY24,0.19346324293514758
Dabur,EM,FY25,0.18442039339047955
Dabur,NM,FY19,0.1690286591546985
Dabur,NM,FY20,0.1660188496930577
Dabur,NM,FY21,0.17709286577107508
Dabur,NM,FY22,0.15972734987160978
Dabur,NM,FY23,0.14806299106062593
Dabur,NM,FY24,0.14855518497647133
Dabur,NM,FY25,0.14070025765954078
Dabur,DIO,FY20,112.66656915340832
Dabur,DIO,FY21,119.03819405895797
Dabur,DIO,FY22,117.97299585615521
Dabur,DIO,FY23,114.5763814333822
Dabur,DIO,FY24,112.41554546639038
Dabur,DIO,FY25,118.60883018151881
Dabur,DSO,FY20,34.54432308966759
Dabur,DSO,FY21,26.253133611876613
Dabur,DSO,FY22,20.2421895950657
Dabur,DSO,FY23,23.66191264617442
Dabur,DSO,FY24,25.710498056676833
Dabur,DSO,FY25,25.962374702402034
Dabur,DPO,FY20,123.49056386465774
Dabur,DPO,FY21,129.8783020626698
Dabur,DPO,FY22,127.2784186719483
Dabur,DPO,FY23,122.40749632697208
Dabur,DPO,FY24,130.45193393475375
Dabur,DPO,FY25,146.5351400029993
Dabur,CCC,FY20,23.72032837841816
Dabur,CCC,FY21,15.413025608164787
Dabur,CCC,FY22,10.936766779272617
Dabur,CCC,FY23,15.830797752584544
Dabur,CCC,FY24,7.674109588313456
Dabur,CCC,FY25,-1.9639351190784566
Dabur,ROCE,FY20,0.24819720742812124
Dabur,ROCE,FY21,0.23799657773691538
Dabur,ROCE,FY22,0.2369337235769274
Dabur,ROCE,FY23,0.19482683421257402
Dabur,ROCE,FY24,0.18839686418024226
Dabur,ROCE,FY25,0.16197374804651068
Dabur,ROA,FY20,0.1624403830101767
Dabur,ROA,FY21,0.16764400424926515
Dabur,ROA,FY22,0.15037571882000686
Dabur,ROA,FY23,0.13162855788024935
Dabur,ROA,FY24,0.12806594143597066
Dabur,ROA,FY25,0.11274962557758009
Dabur,RG,FY20,0.019985819841674534
Dabur,RG,FY21,0.09858690494382197
Dabur,RG,FY22,0.1387867156819169
Dabur,RG,FY23,0.05888776233666515
Dabur,RG,FY24,0.07581338590394192
Dabur,RG,FY25,0.012824884855784535
Dabur,raw_rev,FY19,8533.05
Dabur,raw_rev,FY20,8703.59
Dabur,raw_rev,FY21,9561.65
Dabur,raw_rev,FY22,10888.68
Dabur,raw_rev,FY23,11529.89
Dabur,raw_rev,FY24,12404.01
Dabur,raw_rev,FY25,12563.09
Dabur,raw_oi,FY19,296.17
Dabur,raw_oi,FY20,305.29
Dabur,raw_oi,FY21,325.29
Dabur,raw_oi,FY22,393.16
Dabur,raw_oi,FY23,445.39
Dabur,raw_oi,FY24,482.41
Dabur,raw_oi,FY25,550.1
Dabur,raw_com,FY19,3475.35
Dabur,raw_com,FY20,3731.71
Dabur,raw_com,FY21,3998.58
Dabur,raw_com,FY22,4766.12
Dabur,raw_com,FY23,5306.97
Dabur,raw_com,FY24,5186.9
Dabur,raw_com,FY25,5263.68
Dabur,raw_psit,FY19,802.98
Dabur,raw_psit,FY20,674.62
Dabur,raw_psit,FY21,982.53
Dabur,raw_psit,FY22,882.12
Dabur,raw_psit,FY23,1052.49
Dabur,raw_psit,FY24,1211.11
Dabur,raw_psit,FY25,1328.28
Dabur,raw_chg,FY19,12.64
Dabur,raw_chg,FY20,-65.04
Dabur,raw_chg,FY21,-207.2
Dabur,raw_chg,FY22,-8.55
Dabur,raw_chg,FY23,-90.79
Dabur,raw_chg,FY24,48.95
Dabur,raw_chg,FY25,-57.1
Dabur,raw_fc,FY19,59.58
Dabur,raw_fc,FY20,49.54
Dabur,raw_fc,FY21,30.81
Dabur,raw_fc,FY22,38.6
Dabur,raw_fc,FY23,78.24
Dabur,raw_fc,FY24,124.18
Dabur,raw_fc,FY25,163.5
Dabur,raw_da,FY19,176.9
Dabur,raw_da,FY20,220.45
Dabur,raw_da,FY21,240.13
Dabur,raw_da,FY22,252.89
Dabur,raw_da,FY23,310.96
Dabur,raw_da,FY24,399.21
Dabur,raw_da,FY25,445.6
Dabur,raw_pbeit,FY19,1800.21
Dabur,raw_pbeit,FY20,1827.64
Dabur,raw_pbeit,FY21,2056.02
Dabur,raw_pbeit,FY22,2353.68
Dabur,raw_pbeit,FY23,2218.68
Dabur,raw_pbeit,FY24,2358.74
Dabur,raw_pbeit,FY25,2257.89
Dabur,raw_np,FY19,1442.33
Dabur,raw_np,FY20,1444.96
Dabur,raw_np,FY21,1693.3
Dabur,raw_np,FY22,1739.22
Dabur,raw_np,FY23,1707.15
Dabur,raw_np,FY24,1842.68
Dabur,raw_np,FY25,1767.63
Dabur,raw_inv,FY19,1300.53
Dabur,raw_inv,FY20,1379.57
Dabur,raw_inv,FY21,1734.28
Dabur,raw_inv,FY22,1911.37
Dabur,raw_inv,FY23,2024.2
Dabur,raw_inv,FY24,1946.97
Dabur,raw_inv,FY25,2300.11
Dabur,raw_tr,FY19,833.56
Dabur,raw_tr,FY20,813.89
Dabur,raw_tr,FY21,561.58
Dabur,raw_tr,FY22,646.15
Dabur,raw_tr,FY23,848.75
Dabur,raw_tr,FY24,898.72
Dabur,raw_tr,FY25,888.5
Dabur,raw_tp,FY19,1455.43
Dabur,raw_tp,FY20,1482.15
Dabur,raw_tp,FY21,1915.26
Dabur,raw_tp,FY22,2017.95
Dabur,raw_tp,FY23,2186.61
Dabur,raw_tp,FY24,2421.71
Dabur,raw_tp,FY25,2825.34
Dabur,raw_ta,FY19,8436.64
Dabur,raw_ta,FY20,9354.01
Dabur,raw_ta,FY21,10847.13
Dabur,raw_ta,FY22,12284.53
Dabur,raw_ta,FY23,13654.37
Dabur,raw_ta,FY24,15122.68
Dabur,raw_ta,FY25,16232.28
Dabur,raw_tcl,FY19,2660.31
Dabur,raw_tcl,FY20,2463.88
Dabur,raw_tcl,FY21,2934.19
Dabur,raw_tcl,FY22,3322.54
Dabur,raw_tcl,FY23,3609.43
Dabur,raw_tcl,FY24,3930.43
Dabur,raw_tcl,FY25,4318.44
HUL,COGS,FY19,18474.0
HUL,COGS,FY20,18259.0
HUL,COGS,FY21,22148.0
HUL,COGS,FY22,25735.0
HUL,COGS,FY23,31716.0
HUL,COGS,FY24,29760.0
HUL,COGS,FY25,30578.0
HUL,GP,FY19,20836.0
HUL,GP,FY20,21524.0
HUL,GP,FY21,24880.0
HUL,GP,FY22,26711.0
HUL,GP,FY23,28864.0
HUL,GP,FY24,32136.0
HUL,GP,FY25,32543.0
HUL,EBITDA,FY19,8880.0
HUL,EBITDA,FY20,9861.0
HUL,EBITDA,FY21,11626.0
HUL,EBITDA,FY22,12857.0
HUL,EBITDA,FY23,14148.0
HUL,EBITDA,FY24,14659.0
HUL,EBITDA,FY25,14843.0
HUL,EBIT,FY19,8315.0
HUL,EBIT,FY20,8859.0
HUL,EBIT,FY21,10552.0
HUL,EBIT,FY22,11766.0
HUL,EBIT,FY23,13011.0
HUL,EBIT,FY24,13443.0
HUL,EBIT,FY25,13488.0
HUL,CE,FY19,9962.0
HUL,CE,FY20,10836.0
HUL,CE,FY21,57654.0
HUL,CE,FY22,59237.0
HUL,CE,FY23,61059.0
HUL,CE,FY24,65623.0
HUL,CE,FY25,63343.0
HUL,GM,FY19,0.5300432459933859
HUL,GM,FY20,0.5410351155015961
HUL,GM,FY21,0.5290465254741856
HUL,GM,FY22,0.5093048087556725
HUL,GM,FY23,0.4764608781776164
HUL,GM,FY24,0.5191934858472276
HUL,GM,FY25,0.5155653427543924
HUL,EM,FY19,0.2258967183922666
HUL,EM,FY20,0.24786969308498605
HUL,EM,FY21,0.24721442544866887
HUL,EM,FY22,0.24514738969606834
HUL,EM,FY23,0.23354242324199406
HUL,EM,FY24,0.23683275171255008
HUL,EM,FY25,0.23515153435465216
HUL,NM,FY19,0.1540066140931061
HUL,NM,FY20,0.16962018952819044
HUL,NM,FY21,0.17000510334268945
HUL,NM,FY22,0.16929794455249209
HUL,NM,FY23,0.16705183228788378
HUL,NM,FY24,0.16603657748481324
HUL,NM,FY25,0.1687077200931544
HUL,DIO,FY20,53.38367380469906
HUL,DIO,FY21,52.29117753296009
HUL,DIO,FY22,54.427336312415
HUL,DIO,FY23,48.03025286921427
HUL,DIO,FY24,50.73328293010753
HUL,DIO,FY25,50.35491202825561
HUL,DSO,FY20,13.601601186436417
HUL,DSO,FY21,11.281098494513905
HUL,DSO,FY22,13.898200053388248
HUL,DSO,FY23,16.011678771871903
HUL,DSO,FY24,17.915051053379862
HUL,DSO,FY25,19.706912121164113
HUL,DPO,FY20,147.33734048962154
HUL,DPO,FY21,134.6172340617663
HUL,DPO,FY22,126.72527686030698
HUL,DPO,FY23,107.26967461218314
HUL,DPO,FY24,123.01579301075269
HUL,DPO,FY25,130.1158512656158
HUL,CCC,FY20,-80.35206549848607
HUL,CCC,FY21,-71.0449580342923
HUL,CCC,FY22,-58.39974049450373
HUL,CCC,FY23,-43.22774297109696
HUL,CCC,FY24,-54.3674590272653
HUL,CCC,FY25,-60.05402711619607
HUL,ROCE,FY20,0.8519088373882104
HUL,ROCE,FY21,0.30813257409840855
HUL,ROCE,FY22,0.20131575570403196
HUL,ROCE,FY23,0.2163164194985702
HUL,ROCE,FY24,0.21223220347010624
HUL,ROCE,FY25,0.2091714095187879
HUL,ROA,FY20,0.34799649321850346
HUL,ROA,FY21,0.17984478686312
HUL,ROA,FY22,0.1275040567514396
HUL,ROA,FY23,0.1409431492158993
HUL,ROA,FY24,0.13559299671473618
HUL,ROA,FY25,0.1344748988186565
HUL,RG,FY20,0.012032561689137624
HUL,RG,FY21,0.1821129628233165
HUL,RG,FY22,0.11520796121459556
HUL,RG,FY23,0.15509285741524617
HUL,RG,FY24,0.021723341036645756
HUL,RG,FY25,0.019791262763344964
HUL,raw_rev,FY19,39310.0
HUL,raw_rev,FY20,39783.0
HUL,raw_rev,FY21,47028.0
HUL,raw_rev,FY22,52446.0
HUL,raw_rev,FY23,60580.0
HUL,raw_rev,FY24,61896.0
HUL,raw_rev,FY25,63121.0
HUL,raw_oi,FY19,550.0
HUL,raw_oi,FY20,632.0
HUL,raw_oi,FY21,410.0
HUL,raw_oi,FY22,258.0
HUL,raw_oi,FY23,512.0
HUL,raw_oi,FY24,811.0
HUL,raw_oi,FY25,1017.0
HUL,raw_com,FY19,13707.0
HUL,raw_com,FY20,11976.0
HUL,raw_com,FY21,15432.0
HUL,raw_com,FY22,16446.0
HUL,raw_com,FY23,20212.0
HUL,raw_com,FY24,19257.0
HUL,raw_com,FY25,19458.0
HUL,raw_psit,FY19,4755.0
HUL,raw_psit,FY20,6391.0
HUL,raw_psit,FY21,7121.0
HUL,raw_psit,FY22,9311.0
HUL,raw_psit,FY23,11579.0
HUL,raw_psit,FY24,10514.0
HUL,raw_psit,FY25,11273.0
HUL,raw_chg,FY19,12.0
HUL,raw_chg,FY20,-108.0
HUL,raw_chg,FY21,-405.0
HUL,raw_chg,FY22,-22.0
HUL,raw_chg,FY23,-75.0
HUL,raw_chg,FY24,-11.0
HUL,raw_chg,FY25,-153.0
HUL,raw_fc,FY19,33.0
HUL,raw_fc,FY20,118.0
HUL,raw_fc,FY21,117.0
HUL,raw_fc,FY22,106.0
HUL,raw_fc,FY23,114.0
HUL,raw_fc,FY24,334.0
HUL,raw_fc,FY25,395.0
HUL,raw_da,FY19,565.0
HUL,raw_da,FY20,1002.0
HUL,raw_da,FY21,1074.0
HUL,raw_da,FY22,1091.0
HUL,raw_da,FY23,1137.0
HUL,raw_da,FY24,1216.0
HUL,raw_da,FY25,1355.0
HUL,raw_pbeit,FY19,8832.0
HUL,raw_pbeit,FY20,9373.0
HUL,raw_pbeit,FY21,10845.0
HUL,raw_pbeit,FY22,11918.0
HUL,raw_pbeit,FY23,13409.0
HUL,raw_pbeit,FY24,13920.0
HUL,raw_pbeit,FY25,14110.0
HUL,raw_np,FY19,6054.0
HUL,raw_np,FY20,6748.0
HUL,raw_np,FY21,7995.0
HUL,raw_np,FY22,8879.0
HUL,raw_np,FY23,10120.0
HUL,raw_np,FY24,10277.0
HUL,raw_np,FY25,10649.0
HUL,raw_inv,FY19,2574.0
HUL,raw_inv,FY20,2767.0
HUL,raw_inv,FY21,3579.0
HUL,raw_inv,FY22,4096.0
HUL,raw_inv,FY23,4251.0
HUL,raw_inv,FY24,4022.0
HUL,raw_inv,FY25,4415.0
HUL,raw_tr,FY19,1816.0
HUL,raw_tr,FY20,1149.0
HUL,raw_tr,FY21,1758.0
HUL,raw_tr,FY22,2236.0
HUL,raw_tr,FY23,3079.0
HUL,raw_tr,FY24,2997.0
HUL,raw_tr,FY25,3819.0
HUL,raw_tp,FY19,7206.0
HUL,raw_tp,FY20,7535.0
HUL,raw_tp,FY21,8802.0
HUL,raw_tp,FY22,9068.0
HUL,raw_tp,FY23,9574.0
HUL,raw_tp,FY24,10486.0
HUL,raw_tp,FY25,11315.0
HUL,raw_ta,FY19,18629.0
HUL,raw_ta,FY20,20153.0
HUL,raw_ta,FY21,68757.0
HUL,raw_ta,FY22,70517.0
HUL,raw_ta,FY23,73087.0
HUL,raw_ta,FY24,78499.0
HUL,raw_ta,FY25,79880.0
HUL,raw_tcl,FY19,8667.0
HUL,raw_tcl,FY20,9317.0
HUL,raw_tcl,FY21,11103.0
HUL,raw_tcl,FY22,11280.0
HUL,raw_tcl,FY23,12028.0
HUL,raw_tcl,FY24,12876.0
HUL,raw_tcl,FY25,16537.0
